{"cameraMode":{"drawMode":0,"name":"Shaded","section":"Shading Mode"},"sceneLighting":true,"audioPlay":false,"sceneViewState":{"showFog":true,"showMaterialUpdate":false,"showSkybox":true,"showFlares":true,"showImageEffects":true,"showParticleSystems":true},"in2DMode":false,"pivot":{"x":2.149808406829834,"y":1.1123113632202149,"z":-2.498727321624756},"rotation":{"x":0.03134046867489815,"y":0.09878983348608017,"z":-0.0031124104280024769,"w":0.9946112632751465},"size":3.2660250663757326,"orthographic":false}